task	answer	explanation	sampled_tool_names	server_id
"Could you create a new text file called ""notes.txt"" with my meeting agenda in it, then check which directories are available, and finally rename the file to ""meeting_agenda.txt""?"	yes	"Based on the tools provided, I can determine that certain user tasks involving file operations can be completed. The available tools are:

1. `write_file`: Allows creating new files or overwriting existing ones with specified content
2. `list_allowed_directories`: Shows which directories are accessible to the server
3. `move_file`: Enables moving or renaming files and directories

With these tools, users can perform several file management operations such as:
- Creating new text files with content
- Checking which directories are available for operations
- Moving files from one location to another
- Renaming files or directories

The tools provide basic but essential file system operations, though they are limited compared to a full file management system (e.g., no read_file, delete_file, or append operations are available)."	write_file, list_allowed_directories, move_file	filesystem
"Can you read the content of my ""notes.txt"" and ""todo.txt"" files, then create a new file called ""combined_notes.txt"" that contains the content from both files?"	yes	"Based on the provided tools, I can determine that several file operations can be performed:
1. `move_file`: Can move or rename files and directories
2. `read_multiple_files`: Can read multiple files at once
3. `write_file`: Can create new files or overwrite existing ones
4. `list_allowed_directories`: Can list directories the server has access to

These tools would enable a user to perform basic file management operations like reading, writing, moving files, and viewing accessible directories. A user could request to read the contents of files, create new files, move/rename files, or check what directories are available to work with."	move_file, read_multiple_files, write_file, list_allowed_directories	filesystem
Please find all JavaScript files in the project directory that contain references to the deprecated 'jQuery.ajax' method and replace them with the newer 'fetch' API syntax.	yes	"Based on the provided tools, I can determine that a user can perform several file-related operations:

1. List allowed directories with `list_allowed_directories`
2. Search for files and directories recursively with `search_files`
3. Edit file contents with `edit_file`

These tools enable a user to:
- Discover accessible directories
- Find specific files using patterns
- Modify file contents by replacing text

These capabilities would allow users to perform tasks like finding specific files and modifying their contents. For example, a user could ask to search for configuration files and update values within them, or look for all JavaScript files and make consistent changes across them."	list_allowed_directories, search_files, edit_file	filesystem
Can you search for all JavaScript files in my project directory, read their content, then modify any files containing deprecated methods like 'setTimeout' to use Promise-based timing functions instead, and finally create a report file listing all the changes made?	yes	"Based on the provided tools, I can determine that many user tasks related to file operations can be completed. The available tools allow for:

1. Creating new files or overwriting existing ones (`write_file`)
2. Searching for files or directories recursively (`search_files`)
3. Making selective edits to existing files (`edit_file`)
4. Reading multiple files simultaneously (`read_multiple_files`)

These tools provide a comprehensive set of file manipulation capabilities, enabling tasks like:
- Creating configuration files or code files
- Finding specific files matching patterns
- Modifying content within files
- Reading and analyzing content from multiple files

With these tools, users can perform many common file-based operations that would be useful in development, system administration, or content management tasks."	write_file, search_files, edit_file, read_multiple_files	filesystem
Can you find all PDF files in the project directory but exclude any files in the node_modules folder?	yes	"Based on the provided tools, I can determine what types of user asks can be completed. There are two tools available:

1. `list_allowed_directories`: This tool lists all directories the server is allowed to access. It takes no arguments and simply returns the allowed directories.

2. `search_files`: This tool allows recursive searching for files/directories using case-insensitive matching. It requires a starting path and a search pattern, with an optional parameter to exclude certain patterns.

With these tools, users can:
- Find out which directories they have access to
- Search for specific files or directories within accessible locations
- Apply pattern matching to find files/directories with specific naming patterns
- Exclude certain patterns from search results

These tools would be useful for file exploration and discovery tasks. The tools cannot modify, create, delete, or read the contents of files - they are purely for navigation and discovery."	list_allowed_directories, search_files	filesystem
"Can you create a simple Python project for me? I need a project directory named ""my_python_app"" with subdirectories for ""src"", ""tests"", and ""docs"". In the src directory, please create a file called ""main.py"" with a basic ""Hello, World!"" program. Then search for all Python files in the project and list them for me."	yes	"Based on the tools provided, I can see that there are capabilities for file system operations including:
1. Searching for files/directories (`search_files`)
2. Creating directories (`create_directory`)
3. Writing files (`write_file`)
4. Reading files (`read_file`)
5. Listing allowed directories (`list_allowed_directories`)

These tools provide a complete set of basic file system operations that would allow for many common file-related tasks. The tools enable searching for files matching specific patterns, creating new directories, creating or modifying files, reading file contents, and understanding which directories are accessible.

With these tools, a user could perform tasks like creating a new project structure, searching for specific file types, reading and modifying file contents, or creating new files with specific content."	search_files, create_directory, write_file, read_file, list_allowed_directories	filesystem
